{"cameraMode":{"drawMode":0,"name":"Shaded","section":"Shading Mode"},"sceneLighting":true,"audioPlay":false,"sceneViewState":{"showFog":true,"showMaterialUpdate":false,"showSkybox":true,"showFlares":true,"showImageEffects":true,"showParticleSystems":true},"in2DMode":false,"pivot":{"x":-0.10390002280473709,"y":1.2569758892059327,"z":0.20960164070129395},"rotation":{"x":0.03598819673061371,"y":-0.014989812858402729,"z":0.0005398663925006986,"w":0.9992396235466003},"size":2.0656721591949465,"orthographic":false}