{"cameraMode":{"drawMode":0,"name":"Shaded","section":"Shading Mode"},"sceneLighting":true,"audioPlay":false,"sceneViewState":{"showFog":true,"showMaterialUpdate":false,"showSkybox":true,"showFlares":true,"showImageEffects":true,"showParticleSystems":true},"in2DMode":false,"pivot":{"x":-4.8647918701171879,"y":2.6081924438476564,"z":-0.6000175476074219},"rotation":{"x":-0.10085649788379669,"y":-0.2707003653049469,"z":0.028515011072158815,"w":-0.9569587707519531},"size":18.553125381469728,"orthographic":false}