{"cameraMode":{"drawMode":0,"name":"Shaded","section":"Shading Mode"},"sceneLighting":true,"audioPlay":false,"sceneViewState":{"showFog":true,"showMaterialUpdate":false,"showSkybox":true,"showFlares":true,"showImageEffects":true,"showParticleSystems":true},"in2DMode":false,"pivot":{"x":0.279646098613739,"y":1.9720909595489503,"z":-7.723429203033447},"rotation":{"x":-0.07876689732074738,"y":0.03529055044054985,"z":-0.002792568411678076,"w":-0.9962682723999023},"size":4.615438461303711,"orthographic":true}