{"cameraMode":{"drawMode":0,"name":"Shaded","section":"Shading Mode"},"sceneLighting":true,"audioPlay":false,"sceneViewState":{"showFog":true,"showMaterialUpdate":false,"showSkybox":true,"showFlares":true,"showImageEffects":true,"showParticleSystems":true},"in2DMode":false,"pivot":{"x":2.1807188987731935,"y":0.19132542610168458,"z":-2.780238628387451},"rotation":{"x":0.13983425498008729,"y":0.1479358971118927,"z":-0.02113371342420578,"w":0.9788335561752319},"size":2.8958072662353517,"orthographic":false}