{"cameraMode":{"drawMode":0,"name":"Shaded","section":"Shading Mode"},"sceneLighting":true,"audioPlay":false,"sceneViewState":{"showFog":true,"showMaterialUpdate":false,"showSkybox":true,"showFlares":true,"showImageEffects":true,"showParticleSystems":true},"in2DMode":false,"pivot":{"x":1.9516736268997193,"y":-0.30420446395874026,"z":3.268220901489258},"rotation":{"x":0.26056474447250368,"y":0.052103523164987567,"z":-0.014084781520068646,"w":0.9639502763748169},"size":3.4574403762817385,"orthographic":false}