{"cameraMode":{"drawMode":0,"name":"Shaded","section":"Shading Mode"},"sceneLighting":true,"audioPlay":false,"sceneViewState":{"showFog":true,"showMaterialUpdate":false,"showSkybox":true,"showFlares":true,"showImageEffects":true,"showParticleSystems":true},"in2DMode":false,"pivot":{"x":-2.871081590652466,"y":0.36881977319717409,"z":47.13544845581055},"rotation":{"x":-0.0021085082553327085,"y":0.03299117088317871,"z":-0.0000707214348949492,"w":-0.9994685649871826},"size":23.64664649963379,"orthographic":false}