{"cameraMode":{"drawMode":0,"name":"Shaded","section":"Shading Mode"},"sceneLighting":true,"audioPlay":false,"sceneViewState":{"showFog":true,"showMaterialUpdate":false,"showSkybox":true,"showFlares":true,"showImageEffects":true,"showParticleSystems":true},"in2DMode":false,"pivot":{"x":0.5504697561264038,"y":5.395330429077148,"z":-6.866086483001709},"rotation":{"x":-0.20520564913749696,"y":0.05457707494497299,"z":-0.011462218128144741,"w":-0.9771318435668945},"size":16.891738891601564,"orthographic":true}